Workbook
Name GODOWN: 'TOTAL INVENTORY'!$V$6:$V$8

Sheet TOTAL INVENTORY
A1: G FLURO COATINGS PRIVATE LIMITED - (STOCKS INVENTORY)
A2: TOTAL NUMBER OF PRODUCTS | B2: PRODUCT CODE | C2: PCS/PKT | D2: GODOWN 1 | H2: GODOWN 2 | L2: GODOWN 3 | P2: TOTAL OPENING | Q2: TOTAL STOCK IN | R2: TOTAL STOCK OUT | S2: TOTAL CLOSING | T2: TOTAL PCS AVAILABLE
D3: OPENING | E3: STOCK IN | F3: STOCK OUT | G3: CLOSING | H3: OPENING | I3: STOCK IN | J3: STOCK OUT | K3: CLOSING | L3: OPENING | M3: STOCK IN | N3: STOCK OUT | O3: CLOSING | U3: COLLECTIVE DATA CONTAINS
A5: 1 | B5: 140-160 | C5: 20 | D5: 1 | E5: =SUMIFS('STOCK IN'!$F$3:$F$500,'STOCK IN'!$D$3:$D$500,B5,'STOCK IN'!$E$3:$E$500,$D$2) -> 0 | F5: =SUMIFS('STOCK OUT'!$F$3:$F$9,'STOCK OUT'!$D$3:$D$9,B5,'STOCK OUT'!$E$3:$E$9,$D$2) -> 0 | G5: =D5+E5-F5 -> 1 | H5: 0 | I5: =SUMIFS('STOCK IN'!$F$3:$F$500,'STOCK IN'!$D$3:$D$500,B5,'STOCK IN'!$E$3:$E$500,$H$2) -> 0 | J5: =SUMIFS('STOCK OUT'!$F$3:$F$9,'STOCK OUT'!$D$3:$D$9,B5,'STOCK OUT'!$E$3:$E$9,$H$2) -> 0 | K5: =H5+I5-J5 -> 0 | L5: 0 | M5: =SUMIFS('STOCK IN'!$F$3:$F$500,'STOCK IN'!$D$3:$D$500,B5,'STOCK IN'!$E$3:$E$500,$L$2) -> 0 | N5: =SUMIFS('STOCK OUT'!$F$3:$F$9,'STOCK OUT'!$D$3:$D$9,B5,'STOCK OUT'!$E$3:$E$9,$L$2) -> 0 | O5: =L5+M5-N5 -> 0 | P5: =D5+H5+L5 -> 1 | Q5: =E5+I5+M5 -> 0 | R5: =F5+J5+N5 -> 0 | S5: =P5+Q5-R5 -> 1 | T5: =C5*S5 &" PCS" -> 20 PCS
A6: 2 | B6: 150-160 | C6: 20 | D6: 0 | E6: =SUMIFS('STOCK IN'!$F$3:$F$500,'STOCK IN'!$D$3:$D$500,B6,'STOCK IN'!$E$3:$E$500,$D$2) -> 0 | F6: =SUMIFS('STOCK OUT'!$F$3:$F$9,'STOCK OUT'!$D$3:$D$9,B6,'STOCK OUT'!$E$3:$E$9,$D$2) -> 0 | G6: =D6+E6-F6 -> 0 | H6: 84 | I6: =SUMIFS('STOCK IN'!$F$3:$F$500,'STOCK IN'!$D$3:$D$500,B6,'STOCK IN'!$E$3:$E$500,$H$2) -> 0 | J6: =SUMIFS('STOCK OUT'!$F$3:$F$9,'STOCK OUT'!$D$3:$D$9,B6,'STOCK OUT'!$E$3:$E$9,$H$2) -> 1 | K6: =H6+I6-J6 -> 83 | L6: 0 | M6: =SUMIFS('STOCK IN'!$F$3:$F$500,'STOCK IN'!$D$3:$D$500,B6,'STOCK IN'!$E$3:$E$500,$L$2) -> 0 | N6: =SUMIFS('STOCK OUT'!$F$3:$F$9,'STOCK OUT'!$D$3:$D$9,B6,'STOCK OUT'!$E$3:$E$9,$L$2) -> 0 | O6: =L6+M6-N6 -> 0 | P6: =D6+H6+L6 -> 84 | Q6: =E6+I6+M6 -> 0 | R6: =F6+J6+N6 -> 1 | S6: =P6+Q6-R6 -> 83 | T6: =C6*S6 &" PCS" -> 1660 PCS | V6: =D2 -> GODOWN 1
A7: 3 | B7: 170-180 | C7: 20 | D7: 15 | E7: =SUMIFS('STOCK IN'!$F$3:$F$500,'STOCK IN'!$D$3:$D$500,B7,'STOCK IN'!$E$3:$E$500,$D$2) -> 0 | F7: =SUMIFS('STOCK OUT'!$F$3:$F$9,'STOCK OUT'!$D$3:$D$9,B7,'STOCK OUT'!$E$3:$E$9,$D$2) -> 0 | G7: =D7+E7-F7 -> 15 | H7: 0 | I7: =SUMIFS('STOCK IN'!$F$3:$F$500,'STOCK IN'!$D$3:$D$500,B7,'STOCK IN'!$E$3:$E$500,$H$2) -> 0 | J7: =SUMIFS('STOCK OUT'!$F$3:$F$9,'STOCK OUT'!$D$3:$D$9,B7,'STOCK OUT'!$E$3:$E$9,$H$2) -> 0 | K7: =H7+I7-J7 -> 0 | L7: 0 | M7: =SUMIFS('STOCK IN'!$F$3:$F$500,'STOCK IN'!$D$3:$D$500,B7,'STOCK IN'!$E$3:$E$500,$L$2) -> 0 | N7: =SUMIFS('STOCK OUT'!$F$3:$F$9,'STOCK OUT'!$D$3:$D$9,B7,'STOCK OUT'!$E$3:$E$9,$L$2) -> 0 | O7: =L7+M7-N7 -> 0 | P7: =D7+H7+L7 -> 15 | Q7: =E7+I7+M7 -> 0 | R7: =F7+J7+N7 -> 0 | S7: =P7+Q7-R7 -> 15 | T7: =C7*S7 &" PCS" -> 300 PCS | V7: =H2 -> GODOWN 2
A8: 4 | B8: 180-190 | C8: 20 | D8: 12 | E8: =SUMIFS('STOCK IN'!$F$3:$F$500,'STOCK IN'!$D$3:$D$500,B8,'STOCK IN'!$E$3:$E$500,$D$2) -> 0 | F8: =SUMIFS('STOCK OUT'!$F$3:$F$9,'STOCK OUT'!$D$3:$D$9,B8,'STOCK OUT'!$E$3:$E$9,$D$2) -> 2 | G8: =D8+E8-F8 -> 10 | H8: 0 | I8: =SUMIFS('STOCK IN'!$F$3:$F$500,'STOCK IN'!$D$3:$D$500,B8,'STOCK IN'!$E$3:$E$500,$H$2) -> 0 | J8: =SUMIFS('STOCK OUT'!$F$3:$F$9,'STOCK OUT'!$D$3:$D$9,B8,'STOCK OUT'!$E$3:$E$9,$H$2) -> 0 | K8: =H8+I8-J8 -> 0 | L8: 0 | M8: =SUMIFS('STOCK IN'!$F$3:$F$500,'STOCK IN'!$D$3:$D$500,B8,'STOCK IN'!$E$3:$E$500,$L$2) -> 0 | N8: =SUMIFS('STOCK OUT'!$F$3:$F$9,'STOCK OUT'!$D$3:$D$9,B8,'STOCK OUT'!$E$3:$E$9,$L$2) -> 0 | O8: =L8+M8-N8 -> 0 | P8: =D8+H8+L8 -> 12 | Q8: =E8+I8+M8 -> 0 | R8: =F8+J8+N8 -> 2 | S8: =P8+Q8-R8 -> 10 | T8: =C8*S8 &" PCS" -> 200 PCS | V8: =L2 -> GODOWN 3
A9: 5 | B9: 180-190(G-18) | C9: 40 | D9: 3 | E9: =SUMIFS('STOCK IN'!$F$3:$F$500,'STOCK IN'!$D$3:$D$500,B9,'STOCK IN'!$E$3:$E$500,$D$2) -> 0 | F9: =SUMIFS('STOCK OUT'!$F$3:$F$9,'STOCK OUT'!$D$3:$D$9,B9,'STOCK OUT'!$E$3:$E$9,$D$2) -> 0 | G9: =D9+E9-F9 -> 3 | H9: 0 | I9: =SUMIFS('STOCK IN'!$F$3:$F$500,'STOCK IN'!$D$3:$D$500,B9,'STOCK IN'!$E$3:$E$500,$H$2) -> 0 | J9: =SUMIFS('STOCK OUT'!$F$3:$F$9,'STOCK OUT'!$D$3:$D$9,B9,'STOCK OUT'!$E$3:$E$9,$H$2) -> 0 | K9: =H9+I9-J9 -> 0 | L9: 0 | M9: =SUMIFS('STOCK IN'!$F$3:$F$500,'STOCK IN'!$D$3:$D$500,B9,'STOCK IN'!$E$3:$E$500,$L$2) -> 0 | N9: =SUMIFS('STOCK OUT'!$F$3:$F$9,'STOCK OUT'!$D$3:$D$9,B9,'STOCK OUT'!$E$3:$E$9,$L$2) -> 0 | O9: =L9+M9-N9 -> 0 | P9: =D9+H9+L9 -> 3 | Q9: =E9+I9+M9 -> 0 | R9: =F9+J9+N9 -> 0 | S9: =P9+Q9-R9 -> 3 | T9: =C9*S9 &" PCS" -> 120 PCS
A10: 6 | B10: 190-200 | C10: 20 | D10: 0 | E10: =SUMIFS('STOCK IN'!$F$3:$F$500,'STOCK IN'!$D$3:$D$500,B10,'STOCK IN'!$E$3:$E$500,$D$2) -> 0 | F10: =SUMIFS('STOCK OUT'!$F$3:$F$9,'STOCK OUT'!$D$3:$D$9,B10,'STOCK OUT'!$E$3:$E$9,$D$2) -> 0 | G10: =D10+E10-F10 -> 0 | H10: 0 | I10: =SUMIFS('STOCK IN'!$F$3:$F$500,'STOCK IN'!$D$3:$D$500,B10,'STOCK IN'!$E$3:$E$500,$H$2) -> 0 | J10: =SUMIFS('STOCK OUT'!$F$3:$F$9,'STOCK OUT'!$D$3:$D$9,B10,'STOCK OUT'!$E$3:$E$9,$H$2) -> 0 | K10: =H10+I10-J10 -> 0 | L10: 19 | M10: =SUMIFS('STOCK IN'!$F$3:$F$500,'STOCK IN'!$D$3:$D$500,B10,'STOCK IN'!$E$3:$E$500,$L$2) -> 0 | N10: =SUMIFS('STOCK OUT'!$F$3:$F$9,'STOCK OUT'!$D$3:$D$9,B10,'STOCK OUT'!$E$3:$E$9,$L$2) -> 0 | O10: =L10+M10-N10 -> 19 | P10: =D10+H10+L10 -> 19 | Q10: =E10+I10+M10 -> 0 | R10: =F10+J10+N10 -> 0 | S10: =P10+Q10-R10 -> 19 | T10: =C10*S10 &" PCS" -> 380 PCS
A11: 7 | B11: 200-210 | C11: 20 | D11: 0 | E11: =SUMIFS('STOCK IN'!$F$3:$F$500,'STOCK IN'!$D$3:$D$500,B11,'STOCK IN'!$E$3:$E$500,$D$2) -> 0 | F11: =SUMIFS('STOCK OUT'!$F$3:$F$9,'STOCK OUT'!$D$3:$D$9,B11,'STOCK OUT'!$E$3:$E$9,$D$2) -> 0 | G11: =D11+E11-F11 -> 0 | H11: 14 | I11: =SUMIFS('STOCK IN'!$F$3:$F$500,'STOCK IN'!$D$3:$D$500,B11,'STOCK IN'!$E$3:$E$500,$H$2) -> 0 | J11: =SUMIFS('STOCK OUT'!$F$3:$F$9,'STOCK OUT'!$D$3:$D$9,B11,'STOCK OUT'!$E$3:$E$9,$H$2) -> 2 | K11: =H11+I11-J11 -> 12 | L11: 0 | M11: =SUMIFS('STOCK IN'!$F$3:$F$500,'STOCK IN'!$D$3:$D$500,B11,'STOCK IN'!$E$3:$E$500,$L$2) -> 0 | N11: =SUMIFS('STOCK OUT'!$F$3:$F$9,'STOCK OUT'!$D$3:$D$9,B11,'STOCK OUT'!$E$3:$E$9,$L$2) -> 0 | O11: =L11+M11-N11 -> 0 | P11: =D11+H11+L11 -> 14 | Q11: =E11+I11+M11 -> 0 | R11: =F11+J11+N11 -> 2 | S11: =P11+Q11-R11 -> 12 | T11: =C11*S11 &" PCS" -> 240 PCS
A12: 8 | B12: 210-220 | C12: 20 | D12: 0 | E12: =SUMIFS('STOCK IN'!$F$3:$F$500,'STOCK IN'!$D$3:$D$500,B12,'STOCK IN'!$E$3:$E$500,$D$2) -> 0 | F12: =SUMIFS('STOCK OUT'!$F$3:$F$9,'STOCK OUT'!$D$3:$D$9,B12,'STOCK OUT'!$E$3:$E$9,$D$2) -> 0 | G12: =D12+E12-F12 -> 0 | H12: 0 | I12: =SUMIFS('STOCK IN'!$F$3:$F$500,'STOCK IN'!$D$3:$D$500,B12,'STOCK IN'!$E$3:$E$500,$H$2) -> 0 | J12: =SUMIFS('STOCK OUT'!$F$3:$F$9,'STOCK OUT'!$D$3:$D$9,B12,'STOCK OUT'!$E$3:$E$9,$H$2) -> 0 | K12: =H12+I12-J12 -> 0 | L12: 102 | M12: =SUMIFS('STOCK IN'!$F$3:$F$500,'STOCK IN'!$D$3:$D$500,B12,'STOCK IN'!$E$3:$E$500,$L$2) -> 0 | N12: =SUMIFS('STOCK OUT'!$F$3:$F$9,'STOCK OUT'!$D$3:$D$9,B12,'STOCK OUT'!$E$3:$E$9,$L$2) -> 0 | O12: =L12+M12-N12 -> 102 | P12: =D12+H12+L12 -> 102 | Q12: =E12+I12+M12 -> 0 | R12: =F12+J12+N12 -> 0 | S12: =P12+Q12-R12 -> 102 | T12: =C12*S12 &" PCS" -> 2040 PCS
A13: 9 | B13: 213-223 | C13: 20 | D13: 0 | E13: =SUMIFS('STOCK IN'!$F$3:$F$500,'STOCK IN'!$D$3:$D$500,B13,'STOCK IN'!$E$3:$E$500,$D$2) -> 0 | F13: =SUMIFS('STOCK OUT'!$F$3:$F$9,'STOCK OUT'!$D$3:$D$9,B13,'STOCK OUT'!$E$3:$E$9,$D$2) -> 0 | G13: =D13+E13-F13 -> 0 | H13: 29 | I13: =SUMIFS('STOCK IN'!$F$3:$F$500,'STOCK IN'!$D$3:$D$500,B13,'STOCK IN'!$E$3:$E$500,$H$2) -> 0 | J13: =SUMIFS('STOCK OUT'!$F$3:$F$9,'STOCK OUT'!$D$3:$D$9,B13,'STOCK OUT'!$E$3:$E$9,$H$2) -> 0 | K13: =H13+I13-J13 -> 29 | L13: 0 | M13: =SUMIFS('STOCK IN'!$F$3:$F$500,'STOCK IN'!$D$3:$D$500,B13,'STOCK IN'!$E$3:$E$500,$L$2) -> 0 | N13: =SUMIFS('STOCK OUT'!$F$3:$F$9,'STOCK OUT'!$D$3:$D$9,B13,'STOCK OUT'!$E$3:$E$9,$L$2) -> 0 | O13: =L13+M13-N13 -> 0 | P13: =D13+H13+L13 -> 29 | Q13: =E13+I13+M13 -> 0 | R13: =F13+J13+N13 -> 0 | S13: =P13+Q13-R13 -> 29 | T13: =C13*S13 &" PCS" -> 580 PCS
A14: 10 | B14: 218-228(10 PCS) | C14: 10 | D14: 1 | E14: =SUMIFS('STOCK IN'!$F$3:$F$500,'STOCK IN'!$D$3:$D$500,B14,'STOCK IN'!$E$3:$E$500,$D$2) -> 0 | F14: =SUMIFS('STOCK OUT'!$F$3:$F$9,'STOCK OUT'!$D$3:$D$9,B14,'STOCK OUT'!$E$3:$E$9,$D$2) -> 0 | G14: =D14+E14-F14 -> 1 | H14: 0 | I14: =SUMIFS('STOCK IN'!$F$3:$F$500,'STOCK IN'!$D$3:$D$500,B14,'STOCK IN'!$E$3:$E$500,$H$2) -> 0 | J14: =SUMIFS('STOCK OUT'!$F$3:$F$9,'STOCK OUT'!$D$3:$D$9,B14,'STOCK OUT'!$E$3:$E$9,$H$2) -> 0 | K14: =H14+I14-J14 -> 0 | L14: 0 | M14: =SUMIFS('STOCK IN'!$F$3:$F$500,'STOCK IN'!$D$3:$D$500,B14,'STOCK IN'!$E$3:$E$500,$L$2) -> 0 | N14: =SUMIFS('STOCK OUT'!$F$3:$F$9,'STOCK OUT'!$D$3:$D$9,B14,'STOCK OUT'!$E$3:$E$9,$L$2) -> 0 | O14: =L14+M14-N14 -> 0 | P14: =D14+H14+L14 -> 1 | Q14: =E14+I14+M14 -> 0 | R14: =F14+J14+N14 -> 0 | S14: =P14+Q14-R14 -> 1 | T14: =C14*S14 &" PCS" -> 10 PCS
A15: 11 | B15: 218-228 | C15: 20 | D15: 20 | E15: =SUMIFS('STOCK IN'!$F$3:$F$500,'STOCK IN'!$D$3:$D$500,B15,'STOCK IN'!$E$3:$E$500,$D$2) -> 0 | F15: =SUMIFS('STOCK OUT'!$F$3:$F$9,'STOCK OUT'!$D$3:$D$9,B15,'STOCK OUT'!$E$3:$E$9,$D$2) -> 0 | G15: =D15+E15-F15 -> 20 | H15: 0 | I15: =SUMIFS('STOCK IN'!$F$3:$F$500,'STOCK IN'!$D$3:$D$500,B15,'STOCK IN'!$E$3:$E$500,$H$2) -> 0 | J15: =SUMIFS('STOCK OUT'!$F$3:$F$9,'STOCK OUT'!$D$3:$D$9,B15,'STOCK OUT'!$E$3:$E$9,$H$2) -> 0 | K15: =H15+I15-J15 -> 0 | L15: 0 | M15: =SUMIFS('STOCK IN'!$F$3:$F$500,'STOCK IN'!$D$3:$D$500,B15,'STOCK IN'!$E$3:$E$500,$L$2) -> 0 | N15: =SUMIFS('STOCK OUT'!$F$3:$F$9,'STOCK OUT'!$D$3:$D$9,B15,'STOCK OUT'!$E$3:$E$9,$L$2) -> 0 | O15: =L15+M15-N15 -> 0 | P15: =D15+H15+L15 -> 20 | Q15: =E15+I15+M15 -> 0 | R15: =F15+J15+N15 -> 0 | S15: =P15+Q15-R15 -> 20 | T15: =C15*S15 &" PCS" -> 400 PCS
A16: 12 | B16: 225-235 | C16: 20 | D16: 0 | E16: =SUMIFS('STOCK IN'!$F$3:$F$500,'STOCK IN'!$D$3:$D$500,B16,'STOCK IN'!$E$3:$E$500,$D$2) -> 0 | F16: =SUMIFS('STOCK OUT'!$F$3:$F$9,'STOCK OUT'!$D$3:$D$9,B16,'STOCK OUT'!$E$3:$E$9,$D$2) -> 0 | G16: =D16+E16-F16 -> 0 | H16: 18 | I16: =SUMIFS('STOCK IN'!$F$3:$F$500,'STOCK IN'!$D$3:$D$500,B16,'STOCK IN'!$E$3:$E$500,$H$2) -> 0 | J16: =SUMIFS('STOCK OUT'!$F$3:$F$9,'STOCK OUT'!$D$3:$D$9,B16,'STOCK OUT'!$E$3:$E$9,$H$2) -> 0 | K16: =H16+I16-J16 -> 18 | L16: 0 | M16: =SUMIFS('STOCK IN'!$F$3:$F$500,'STOCK IN'!$D$3:$D$500,B16,'STOCK IN'!$E$3:$E$500,$L$2) -> 0 | N16: =SUMIFS('STOCK OUT'!$F$3:$F$9,'STOCK OUT'!$D$3:$D$9,B16,'STOCK OUT'!$E$3:$E$9,$L$2) -> 0 | O16: =L16+M16-N16 -> 0 | P16: =D16+H16+L16 -> 18 | Q16: =E16+I16+M16 -> 0 | R16: =F16+J16+N16 -> 0 | S16: =P16+Q16-R16 -> 18 | T16: =C16*S16 &" PCS" -> 360 PCS
A17: 13 | B17: 230-240 | C17: 20 | D17: 0 | E17: =SUMIFS('STOCK IN'!$F$3:$F$500,'STOCK IN'!$D$3:$D$500,B17,'STOCK IN'!$E$3:$E$500,$D$2) -> 0 | F17: =SUMIFS('STOCK OUT'!$F$3:$F$9,'STOCK OUT'!$D$3:$D$9,B17,'STOCK OUT'!$E$3:$E$9,$D$2) -> 0 | G17: =D17+E17-F17 -> 0 | H17: 0 | I17: =SUMIFS('STOCK IN'!$F$3:$F$500,'STOCK IN'!$D$3:$D$500,B17,'STOCK IN'!$E$3:$E$500,$H$2) -> 0 | J17: =SUMIFS('STOCK OUT'!$F$3:$F$9,'STOCK OUT'!$D$3:$D$9,B17,'STOCK OUT'!$E$3:$E$9,$H$2) -> 0 | K17: =H17+I17-J17 -> 0 | L17: 114 | M17: =SUMIFS('STOCK IN'!$F$3:$F$500,'STOCK IN'!$D$3:$D$500,B17,'STOCK IN'!$E$3:$E$500,$L$2) -> 0 | N17: =SUMIFS('STOCK OUT'!$F$3:$F$9,'STOCK OUT'!$D$3:$D$9,B17,'STOCK OUT'!$E$3:$E$9,$L$2) -> 0 | O17: =L17+M17-N17 -> 114 | P17: =D17+H17+L17 -> 114 | Q17: =E17+I17+M17 -> 0 | R17: =F17+J17+N17 -> 0 | S17: =P17+Q17-R17 -> 114 | T17: =C17*S17 &" PCS" -> 2280 PCS
A18: 14 | B18: 233-243 | C18: 20 | D18: 0 | E18: =SUMIFS('STOCK IN'!$F$3:$F$500,'STOCK IN'!$D$3:$D$500,B18,'STOCK IN'!$E$3:$E$500,$D$2) -> 0 | F18: =SUMIFS('STOCK OUT'!$F$3:$F$9,'STOCK OUT'!$D$3:$D$9,B18,'STOCK OUT'!$E$3:$E$9,$D$2) -> 0 | G18: =D18+E18-F18 -> 0 | H18: 21 | I18: =SUMIFS('STOCK IN'!$F$3:$F$500,'STOCK IN'!$D$3:$D$500,B18,'STOCK IN'!$E$3:$E$500,$H$2) -> 0 | J18: =SUMIFS('STOCK OUT'!$F$3:$F$9,'STOCK OUT'!$D$3:$D$9,B18,'STOCK OUT'!$E$3:$E$9,$H$2) -> 0 | K18: =H18+I18-J18 -> 21 | L18: 35 | M18: =SUMIFS('STOCK IN'!$F$3:$F$500,'STOCK IN'!$D$3:$D$500,B18,'STOCK IN'!$E$3:$E$500,$L$2) -> 0 | N18: =SUMIFS('STOCK OUT'!$F$3:$F$9,'STOCK OUT'!$D$3:$D$9,B18,'STOCK OUT'!$E$3:$E$9,$L$2) -> 0 | O18: =L18+M18-N18 -> 35 | P18: =D18+H18+L18 -> 56 | Q18: =E18+I18+M18 -> 0 | R18: =F18+J18+N18 -> 0 | S18: =P18+Q18-R18 -> 56 | T18: =C18*S18 &" PCS" -> 1120 PCS
A19: 15 | B19: 237-248 | C19: 20 | D19: 20 | E19: =SUMIFS('STOCK IN'!$F$3:$F$500,'STOCK IN'!$D$3:$D$500,B19,'STOCK IN'!$E$3:$E$500,$D$2) -> 0 | F19: =SUMIFS('STOCK OUT'!$F$3:$F$9,'STOCK OUT'!$D$3:$D$9,B19,'STOCK OUT'!$E$3:$E$9,$D$2) -> 1 | G19: =D19+E19-F19 -> 19 | H19: 0 | I19: =SUMIFS('STOCK IN'!$F$3:$F$500,'STOCK IN'!$D$3:$D$500,B19,'STOCK IN'!$E$3:$E$500,$H$2) -> 0 | J19: =SUMIFS('STOCK OUT'!$F$3:$F$9,'STOCK OUT'!$D$3:$D$9,B19,'STOCK OUT'!$E$3:$E$9,$H$2) -> 0 | K19: =H19+I19-J19 -> 0 | L19: 0 | M19: =SUMIFS('STOCK IN'!$F$3:$F$500,'STOCK IN'!$D$3:$D$500,B19,'STOCK IN'!$E$3:$E$500,$L$2) -> 0 | N19: =SUMIFS('STOCK OUT'!$F$3:$F$9,'STOCK OUT'!$D$3:$D$9,B19,'STOCK OUT'!$E$3:$E$9,$L$2) -> 0 | O19: =L19+M19-N19 -> 0 | P19: =D19+H19+L19 -> 20 | Q19: =E19+I19+M19 -> 0 | R19: =F19+J19+N19 -> 1 | S19: =P19+Q19-R19 -> 19 | T19: =C19*S19 &" PCS" -> 380 PCS
A20: 16 | B20: 245-255 | C20: 20 | D20: 23 | E20: =SUMIFS('STOCK IN'!$F$3:$F$500,'STOCK IN'!$D$3:$D$500,B20,'STOCK IN'!$E$3:$E$500,$D$2) -> 0 | F20: =SUMIFS('STOCK OUT'!$F$3:$F$9,'STOCK OUT'!$D$3:$D$9,B20,'STOCK OUT'!$E$3:$E$9,$D$2) -> 0 | G20: =D20+E20-F20 -> 23 | H20: 0 | I20: =SUMIFS('STOCK IN'!$F$3:$F$500,'STOCK IN'!$D$3:$D$500,B20,'STOCK IN'!$E$3:$E$500,$H$2) -> 0 | J20: =SUMIFS('STOCK OUT'!$F$3:$F$9,'STOCK OUT'!$D$3:$D$9,B20,'STOCK OUT'!$E$3:$E$9,$H$2) -> 0 | K20: =H20+I20-J20 -> 0 | L20: 0 | M20: =SUMIFS('STOCK IN'!$F$3:$F$500,'STOCK IN'!$D$3:$D$500,B20,'STOCK IN'!$E$3:$E$500,$L$2) -> 0 | N20: =SUMIFS('STOCK OUT'!$F$3:$F$9,'STOCK OUT'!$D$3:$D$9,B20,'STOCK OUT'!$E$3:$E$9,$L$2) -> 0 | O20: =L20+M20-N20 -> 0 | P20: =D20+H20+L20 -> 23 | Q20: =E20+I20+M20 -> 0 | R20: =F20+J20+N20 -> 0 | S20: =P20+Q20-R20 -> 23 | T20: =C20*S20 &" PCS" -> 460 PCS
... A31: 27 | B31: 320-330 | C31: 20 | D31: 0 | E31: =SUMIFS('STOCK IN'!$F$3:$F$500,'STOCK IN'!$D$3:$D$500,B31,'STOCK IN'!$E$3:$E$500,$D$2) -> 0 | F31: =SUMIFS('STOCK OUT'!$F$3:$F$9,'STOCK OUT'!$D$3:$D$9,B31,'STOCK OUT'!$E$3:$E$9,$D$2) -> 0 | G31: =D31+E31-F31 -> 0 | H31: 8 | I31: =SUMIFS('STOCK IN'!$F$3:$F$500,'STOCK IN'!$D$3:$D$500,B31,'STOCK IN'!$E$3:$E$500,$H$2) -> 0 | J31: =SUMIFS('STOCK OUT'!$F$3:$F$9,'STOCK OUT'!$D$3:$D$9,B31,'STOCK OUT'!$E$3:$E$9,$H$2) -> 0 | K31: =H31+I31-J31 -> 8 | L31: 0 | M31: =SUMIFS('STOCK IN'!$F$3:$F$500,'STOCK IN'!$D$3:$D$500,B31,'STOCK IN'!$E$3:$E$500,$L$2) -> 0 | N31: =SUMIFS('STOCK OUT'!$F$3:$F$9,'STOCK OUT'!$D$3:$D$9,B31,'STOCK OUT'!$E$3:$E$9,$L$2) -> 0 | O31: =L31+M31-N31 -> 0 | P31: =D31+H31+L31 -> 8 | Q31: =E31+I31+M31 -> 0 | R31: =F31+J31+N31 -> 0 | S31: =P31+Q31-R31 -> 8 | T31: =C31*S31 &" PCS" -> 160 PCS

Sheet STOCK IN
A1: G FLURO COATINGS PRIVATE LIMITED - (STOCKS IN)
A2: SERIAL NUMBER | B2: DATE | C2: INNVOICE NUMBER | D2: ITEM CODE | E2: GODOWN | F2: QUANTITY PURCHASE
A3: 1
A4: 2
A5: 3
A6: 4
A7: 5
A8: 6
A9: 7
A10: 8
A11: 9
A12: 10
A13: 11
A14: 12
... A22: 20

Sheet STOCK OUT
A1: G FLURO COATINGS PRIVATE LIMITED - (STOCKS OUT)
A2: SERIAL NUMBER | B2: DATE | C2: INNVOICE NUMBER | D2: ITEM CODE | E2: GODOWN | F2: QUANTITY SELL (IN PKTS.) | G2: QUANTITY SELL (IN PCS.)
A3: 1 | B3: 45707 | C3: G/SAL/86 | D3: 248-258 | E3: GODOWN 3 | F3: 10 | G3: 200
A4: 2 | B4: 45707 | C4: G/SAL/86 | D4: 278-288 | E4: GODOWN 2 | F4: 10 | G4: 200
A5: 3 | B5: 45716 | C5: G/SAL/88 | D5: 255-265 | E5: GODOWN 2 | F5: 5 | G5: 100
A6: 4 | B6: 45716 | C6: G/SAL/88 | D6: 180-190 | E6: GODOWN 1 | F6: 2 | G6: 40
A7: 5 | B7: 45716 | C7: G/SAL/88 | D7: 200-210 | E7: GODOWN 2 | F7: 2 | G7: 40
A8: 6 | B8: 45716 | C8: G/SAL/88 | D8: 237-248 | E8: GODOWN 1 | F8: 1 | G8: 20
A9: 7 | B9: 45716 | C9: G/SAL/88 | D9: 150-160 | E9: GODOWN 2 | F9: 1 | G9: 20
